,prompt,questions,answers
0,"<s> [INST] What are the reasons why deep learning works now? [/INST] Deep learning works now due to the significant increase in data quantity, tremendous increase in computing power, and better training algorithms. </s>",What are the reasons why deep learning works now?,"Deep learning works now due to the significant increase in data quantity, tremendous increase in computing power, and better training algorithms."
1,"<s> [INST] How is the cross entropy calculated for this example? [/INST] The cross entropy is calculated by using the formula H(p,q) = -p(h)log(q(h)) - p(t)log(q(t)), where p is the true distribution and q is the predicted distribution. </s>",How is the cross entropy calculated for this example?,"The cross entropy is calculated by using the formula H(p,q) = -p(h)log(q(h)) - p(t)log(q(t)), where p is the true distribution and q is the predicted distribution."
2,"<s> [INST] What is the maximum likelihood estimator? [/INST] The maximum likelihood estimator (MLE) is a method used to estimate the most likely value of a parameter in a probability model given a training set. It is obtained by maximizing the likelihood function, which is the product of the probabilities of the observed data given the parameter. </s>",What is the maximum likelihood estimator?,"The maximum likelihood estimator (MLE) is a method used to estimate the most likely value of a parameter in a probability model given a training set. It is obtained by maximizing the likelihood function, which is the product of the probabilities of the observed data given the parameter."
3,"<s> [INST] What is a matrix and tensor? [/INST] A matrix is a 2-D array of numbers denoted by bold uppercase letters. An entry in the matrix is represented by aij, where i is the row and j is the column. A tensor is an array with more than two axes. </s>",What is a matrix and tensor?,"A matrix is a 2-D array of numbers denoted by bold uppercase letters. An entry in the matrix is represented by aij, where i is the row and j is the column. A tensor is an array with more than two axes."
4,<s> [INST] What does the variance measure? [/INST] The variance measures how much the values of a random variable X vary as we sample it from its probability distribution. It is calculated by taking the expected value of the squared difference between each value of X and the expected value of X. </s>,What does the variance measure?,The variance measures how much the values of a random variable X vary as we sample it from its probability distribution. It is calculated by taking the expected value of the squared difference between each value of X and the expected value of X.
5,"<s> [INST] How can you calculate the product of matrices? [/INST] The product of matrices A and B is a third matrix C, denoted as C = AB. If A is of shape m×n and B is of shape n×p, then C is of shape m×p. The product of matrices is associative, but not commutative. </s>",How can you calculate the product of matrices?,"The product of matrices A and B is a third matrix C, denoted as C = AB. If A is of shape m×n and B is of shape n×p, then C is of shape m×p. The product of matrices is associative, but not commutative."
6,"<s> [INST] What is the significance of matrix transpose? [/INST] Matrix transpose involves swapping the rows and columns of a matrix. It can be represented as A⊺ and has properties such as Aij = A⊺ji, changing the dimensions from m×n to n×m, and distributing over addition and multiplication operations. </s>",What is the significance of matrix transpose?,"Matrix transpose involves swapping the rows and columns of a matrix. It can be represented as A⊺ and has properties such as Aij = A⊺ji, changing the dimensions from m×n to n×m, and distributing over addition and multiplication operations."
7,<s> [INST] What is the purpose of using a feature store in online models that require historical or contextual information? [/INST] The purpose of using a feature store in online models that require historical or contextual information is to store and reuse features across different models for both training and inference. </s>,What is the purpose of using a feature store in online models that require historical or contextual information?,The purpose of using a feature store in online models that require historical or contextual information is to store and reuse features across different models for both training and inference.
8,<s> [INST] What are some challenges of training deep neural networks? [/INST] Some challenges of training deep neural networks include computational intensity and time consumption due to the massive amount of training dataset and large number of parameters. </s>,What are some challenges of training deep neural networks?,Some challenges of training deep neural networks include computational intensity and time consumption due to the massive amount of training dataset and large number of parameters.
9,<s> [INST] What is the definition of a vector? [/INST] A vector is an array of numbers denoted by bold lowercase letters. Each entry in the vector is represented by xi. </s>,What is the definition of a vector?,A vector is an array of numbers denoted by bold lowercase letters. Each entry in the vector is represented by xi.
10,<s> [INST] What is the expected value of a random variable with respect to a probability distribution? [/INST] The expected value of a random variable X with respect to a probability distribution p(X) is the average value that X takes on when it is drawn from p(X). It can be calculated by multiplying each value of X by its probability and summing the results. </s>,What is the expected value of a random variable with respect to a probability distribution?,The expected value of a random variable X with respect to a probability distribution p(X) is the average value that X takes on when it is drawn from p(X). It can be calculated by multiplying each value of X by its probability and summing the results.
11,"<s> [INST] What is the purpose of modular code in ML pipelines? [/INST] The purpose of modular code in ML pipelines is to make the functionality separated into independent classes or functions that can be easily reused, tested, and understood. </s>",What is the purpose of modular code in ML pipelines?,"The purpose of modular code in ML pipelines is to make the functionality separated into independent classes or functions that can be easily reused, tested, and understood."
12,"<s> [INST] What are some problems with monolithic ML pipelines? [/INST] Some problems with monolithic ML pipelines include lack of modularity, difficulty in testing, tight coupling of pipeline steps, and limited code reuse. </s>",What are some problems with monolithic ML pipelines?,"Some problems with monolithic ML pipelines include lack of modularity, difficulty in testing, tight coupling of pipeline steps, and limited code reuse."
13,"<s> [INST] How does the code create a confusion matrix for the model's predictions? [/INST] The code creates a confusion matrix for the model's predictions by using the `classification_report` function to generate a dictionary of metrics, including precision, recall, and f1-score, and then using the `confusion_matrix` function to create a pandas DataFrame visualization of the results using seaborn heatmap. </s>",How does the code create a confusion matrix for the model's predictions?,"The code creates a confusion matrix for the model's predictions by using the `classification_report` function to generate a dictionary of metrics, including precision, recall, and f1-score, and then using the `confusion_matrix` function to create a pandas DataFrame visualization of the results using seaborn heatmap."
14,"<s> [INST] What is the LpNorm for vectors? [/INST] LpNorm is a function used to measure the size of vectors. L1norm calculates the sum of absolute values of vector elements, L2norm calculates the square root of the sum of squared vector elements, and Lpnorm is a generalized form for any positive value of p. </s>",What is the LpNorm for vectors?,"LpNorm is a function used to measure the size of vectors. L1norm calculates the sum of absolute values of vector elements, L2norm calculates the square root of the sum of squared vector elements, and Lpnorm is a generalized form for any positive value of p."
15,"<s> [INST] What are some examples of feature engineering steps in a feature pipeline? [/INST] Some examples of feature engineering steps in a feature pipeline are cleaning and validating data, data deduplication and wrangling, feature extraction and aggregations, feature binning, and feature crosses. </s>",What are some examples of feature engineering steps in a feature pipeline?,"Some examples of feature engineering steps in a feature pipeline are cleaning and validating data, data deduplication and wrangling, feature extraction and aggregations, feature binning, and feature crosses."
16,<s> [INST] What is a probability distribution? [/INST] A probability distribution describes how likely a random variable is to take on each of its possible states. It can be represented as a probability mass function (PMF) for discrete variables or a probability density function (PDF) for continuous variables. </s>,What is a probability distribution?,A probability distribution describes how likely a random variable is to take on each of its possible states. It can be represented as a probability mass function (PMF) for discrete variables or a probability density function (PDF) for continuous variables.
17,<s> [INST] What is the true distribution for the coin toss example? [/INST] The true distribution for the coin toss example is p(h) = 2/6 and p(t) = 4/6. </s>,What is the true distribution for the coin toss example?,The true distribution for the coin toss example is p(h) = 2/6 and p(t) = 4/6.
18,<s> [INST] What is conditional probability? [/INST] Conditional probability refers to the probability of an event occurring given that another event has already occurred. It is denoted as p(Y=y|X=x) and can be calculated by dividing the joint probability of X and Y by the probability of X. </s>,What is conditional probability?,Conditional probability refers to the probability of an event occurring given that another event has already occurred. It is denoted as p(Y=y|X=x) and can be calculated by dividing the joint probability of X and Y by the probability of X.
19,"<s> [INST] What is the purpose of the Interactive Inference Pipeline? [/INST] The purpose of the Interactive Inference Pipeline is to provide a user-friendly interface for making real-time predictions on the type of iris flower based on input attributes. It loads the trained model, accepts input values for sepal and petal lengths/widths, uses the model to make a prediction, downloads the corresponding image of the predicted flower from a predefined URL, and displays the image as output. </s>",What is the purpose of the Interactive Inference Pipeline?,"The purpose of the Interactive Inference Pipeline is to provide a user-friendly interface for making real-time predictions on the type of iris flower based on input attributes. It loads the trained model, accepts input values for sepal and petal lengths/widths, uses the model to make a prediction, downloads the corresponding image of the predicted flower from a predefined URL, and displays the image as output."
20,"<s> [INST] What does it mean for two random variables to be independent? [/INST] Two random variables are independent if their probability distribution can be expressed as the product of their individual distributions. Mathematically, for any x in the domain of X and y in the domain of Y, p(X=x, Y=y) = p(X=x) * p(Y=y). </s>",What does it mean for two random variables to be independent?,"Two random variables are independent if their probability distribution can be expressed as the product of their individual distributions. Mathematically, for any x in the domain of X and y in the domain of Y, p(X=x, Y=y) = p(X=x) * p(Y=y)."
21,<s> [INST] What is supervised machine learning concerned with? [/INST] Supervised machine learning is concerned with extracting a pattern from labeled data to a model and using that model to make predictions for new unlabeled data. </s>,What is supervised machine learning concerned with?,Supervised machine learning is concerned with extracting a pattern from labeled data to a model and using that model to make predictions for new unlabeled data.
22,"<s> [INST] What is the probability mass function for discrete variables? [/INST] The probability mass function (PMF) is the probability distribution of a discrete random variable. It assigns probabilities to each possible state of the variable, denoted as p(x). The properties of PMF include having a domain that covers all possible states of the variable, probabilities ranging from 0 to 1, and the sum of probabilities equaling 1. </s>",What is the probability mass function for discrete variables?,"The probability mass function (PMF) is the probability distribution of a discrete random variable. It assigns probabilities to each possible state of the variable, denoted as p(x). The properties of PMF include having a domain that covers all possible states of the variable, probabilities ranging from 0 to 1, and the sum of probabilities equaling 1."
23,"<s> [INST] How are the assignments assessed? [/INST] The assignments in the course are assessed through an exam, lab assignments, and a final project. The exam is graded and consists of questions related to the lectures and labs. The lab assignments are graded based on the source code and oral presentation, with different grading criteria for different levels of completion. The final project is proposed by students, confirmed by the teacher, and graded based on the source code and oral presentation. Excellent projects receive a 20% bonus. </s>",How are the assignments assessed?,"The assignments in the course are assessed through an exam, lab assignments, and a final project. The exam is graded and consists of questions related to the lectures and labs. The lab assignments are graded based on the source code and oral presentation, with different grading criteria for different levels of completion. The final project is proposed by students, confirmed by the teacher, and graded based on the source code and oral presentation. Excellent projects receive a 20% bonus."
24,<s> [INST] What is feature engineering? [/INST] Feature engineering is the process of extracting useful features from raw data to improve the performance of machine learning models. </s>,What is feature engineering?,Feature engineering is the process of extracting useful features from raw data to improve the performance of machine learning models.
25,<s> [INST] What is the main objective of the course? [/INST] The main objective of the course is to learn the theory and practical aspects of building machine learning and deep learning algorithms using data parallel programming platforms. </s>,What is the main objective of the course?,The main objective of the course is to learn the theory and practical aspects of building machine learning and deep learning algorithms using data parallel programming platforms.
26,<s> [INST] What is deep learning used for in image classification? [/INST] Deep learning can be used to train models with millions of features in image classification. </s>,What is deep learning used for in image classification?,Deep learning can be used to train models with millions of features in image classification.
27,"<s> [INST] What is the purpose of the code in the given context? [/INST] The purpose of the code in the given context is to train a machine learning model using the Iris flower dataset, evaluate its performance, and create an inference pipeline for predicting the type of iris flower based on input attributes. </s>",What is the purpose of the code in the given context?,"The purpose of the code in the given context is to train a machine learning model using the Iris flower dataset, evaluate its performance, and create an inference pipeline for predicting the type of iris flower based on input attributes."
28,"<s> [INST] What are the possible steps to improve model performance in a model-centric iteration process? [/INST] Possible steps to improve model performance in a model-centric iteration process include trying out different supervised ML learning algorithms, exploring different combinations of hyperparameters, and evaluating the model on a validation set. </s>",What are the possible steps to improve model performance in a model-centric iteration process?,"Possible steps to improve model performance in a model-centric iteration process include trying out different supervised ML learning algorithms, exploring different combinations of hyperparameters, and evaluating the model on a validation set."
29,"<s> [INST] What are the topics covered in the course? [/INST] The topics covered in the course include large scale deep learning with topics like TensorFlow, Deep Neural Networks, different DNN architectures, and distributed learning. The course also covers large scale machine learning with topics like Serverless Machine Learning, MLOps, Feature Stores for Machine Learning, and Distributed Training of DNNs. </s>",What are the topics covered in the course?,"The topics covered in the course include large scale deep learning with topics like TensorFlow, Deep Neural Networks, different DNN architectures, and distributed learning. The course also covers large scale machine learning with topics like Serverless Machine Learning, MLOps, Feature Stores for Machine Learning, and Distributed Training of DNNs."
30,<s> [INST] What are the two options for computing features in a model training or batch inference pipeline? [/INST] The two options for computing features in a model training or batch inference pipeline are on-demand computation and using a feature store. </s>,What are the two options for computing features in a model training or batch inference pipeline?,The two options for computing features in a model training or batch inference pipeline are on-demand computation and using a feature store.
31,"<s> [INST] What is the predicted distribution for the coin toss example? [/INST] The predicted distribution for the coin toss example is h with a probability of θ, and t with probability (1-θ). </s>",What is the predicted distribution for the coin toss example?,"The predicted distribution for the coin toss example is h with a probability of θ, and t with probability (1-θ)."
